-- --------------------------------------------------------
-- Host:                         localhost
-- Versión del servidor:         5.7.24 - MySQL Community Server (GPL)
-- SO del servidor:              Win64
-- HeidiSQL Versión:             10.2.0.5599
-- --------------------------------------------------------

/*!40101 SET @OLD_CHARACTER_SET_CLIENT=@@CHARACTER_SET_CLIENT */;
/*!40101 SET NAMES utf8 */;
/*!50503 SET NAMES utf8mb4 */;
/*!40014 SET @OLD_FOREIGN_KEY_CHECKS=@@FOREIGN_KEY_CHECKS, FOREIGN_KEY_CHECKS=0 */;
/*!40101 SET @OLD_SQL_MODE=@@SQL_MODE, SQL_MODE='NO_AUTO_VALUE_ON_ZERO' */;

-- Volcando estructura para tabla resocentro.dependencias
CREATE TABLE IF NOT EXISTS `dependencias` (
  `id` bigint(20) unsigned NOT NULL AUTO_INCREMENT,
  `item_id` bigint(20) unsigned NOT NULL,
  `insumo_id` bigint(20) unsigned NOT NULL,
  `cantidad` int(10) unsigned NOT NULL,
  `created_at` timestamp NULL DEFAULT NULL,
  `updated_at` timestamp NULL DEFAULT NULL,
  PRIMARY KEY (`id`),
  KEY `dependencias_item_id_foreign` (`item_id`),
  KEY `dependencias_insumo_id_foreign` (`insumo_id`),
  CONSTRAINT `dependencias_insumo_id_foreign` FOREIGN KEY (`insumo_id`) REFERENCES `items` (`id`),
  CONSTRAINT `dependencias_item_id_foreign` FOREIGN KEY (`item_id`) REFERENCES `items` (`id`)
) ENGINE=InnoDB AUTO_INCREMENT=189 DEFAULT CHARSET=utf8mb4 COLLATE=utf8mb4_unicode_ci;

-- Volcando datos para la tabla resocentro.dependencias: ~0 rows (aproximadamente)
DELETE FROM `dependencias`;
/*!40000 ALTER TABLE `dependencias` DISABLE KEYS */;
INSERT INTO `dependencias` (`id`, `item_id`, `insumo_id`, `cantidad`, `created_at`, `updated_at`) VALUES
	(59, 141, 161, 1, '2021-07-10 21:08:08', '2021-07-10 21:08:08'),
	(60, 141, 158, 5, '2021-07-10 21:08:08', '2021-07-10 21:08:08'),
	(61, 142, 171, 1, '2021-07-10 21:08:08', '2021-07-10 21:08:08'),
	(62, 142, 187, 5, '2021-07-10 21:08:08', '2021-07-10 21:08:08'),
	(63, 142, 192, 2, '2021-07-10 21:08:08', '2021-07-10 21:08:08'),
	(64, 143, 171, 2, '2021-07-10 21:08:08', '2021-07-10 21:08:08'),
	(65, 143, 197, 2, '2021-07-10 21:08:08', '2021-07-10 21:08:08'),
	(66, 144, 173, 3, '2021-07-10 21:08:08', '2021-07-10 21:08:08'),
	(67, 144, 197, 3, '2021-07-10 21:08:08', '2021-07-10 21:08:08'),
	(68, 145, 160, 5, '2021-07-10 21:08:08', '2021-07-10 21:08:08'),
	(69, 145, 154, 3, '2021-07-10 21:08:08', '2021-07-10 21:08:08'),
	(70, 145, 163, 4, '2021-07-10 21:08:08', '2021-07-10 21:08:08'),
	(71, 146, 196, 4, '2021-07-10 21:08:08', '2021-07-10 21:08:08'),
	(72, 146, 195, 2, '2021-07-10 21:08:08', '2021-07-10 21:08:08'),
	(73, 146, 159, 2, '2021-07-10 21:08:08', '2021-07-10 21:08:08'),
	(74, 147, 205, 2, '2021-07-10 21:08:08', '2021-07-10 21:08:08'),
	(75, 147, 182, 5, '2021-07-10 21:08:08', '2021-07-10 21:08:08'),
	(76, 148, 198, 1, '2021-07-10 21:08:08', '2021-07-10 21:08:08'),
	(77, 148, 189, 2, '2021-07-10 21:08:09', '2021-07-10 21:08:09'),
	(78, 148, 191, 3, '2021-07-10 21:08:09', '2021-07-10 21:08:09'),
	(79, 148, 151, 5, '2021-07-10 21:08:09', '2021-07-10 21:08:09'),
	(80, 149, 170, 3, '2021-07-10 21:08:09', '2021-07-10 21:08:09'),
	(81, 149, 174, 3, '2021-07-10 21:08:09', '2021-07-10 21:08:09'),
	(82, 150, 198, 2, '2021-07-10 21:08:09', '2021-07-10 21:08:09'),
	(83, 150, 191, 4, '2021-07-10 21:08:09', '2021-07-10 21:08:09'),
	(84, 150, 192, 3, '2021-07-10 21:08:09', '2021-07-10 21:08:09'),
	(85, 150, 153, 4, '2021-07-10 21:08:09', '2021-07-10 21:08:09'),
	(86, 151, 185, 5, '2021-07-10 21:08:09', '2021-07-10 21:08:09'),
	(87, 151, 179, 2, '2021-07-10 21:08:09', '2021-07-10 21:08:09'),
	(88, 152, 200, 4, '2021-07-10 21:08:09', '2021-07-10 21:08:09'),
	(89, 152, 206, 1, '2021-07-10 21:08:09', '2021-07-10 21:08:09'),
	(90, 152, 179, 2, '2021-07-10 21:08:09', '2021-07-10 21:08:09'),
	(91, 153, 162, 5, '2021-07-10 21:08:09', '2021-07-10 21:08:09'),
	(92, 153, 184, 5, '2021-07-10 21:08:09', '2021-07-10 21:08:09'),
	(93, 154, 202, 2, '2021-07-10 21:08:09', '2021-07-10 21:08:09'),
	(94, 154, 206, 1, '2021-07-10 21:08:09', '2021-07-10 21:08:09'),
	(95, 155, 163, 3, '2021-07-10 21:08:09', '2021-07-10 21:08:09'),
	(96, 156, 199, 1, '2021-07-10 21:08:09', '2021-07-10 21:08:09'),
	(97, 156, 206, 2, '2021-07-10 21:08:09', '2021-07-10 21:08:09'),
	(98, 157, 162, 5, '2021-07-10 21:08:09', '2021-07-10 21:08:09'),
	(99, 157, 204, 1, '2021-07-10 21:08:09', '2021-07-10 21:08:09'),
	(100, 157, 152, 3, '2021-07-10 21:08:09', '2021-07-10 21:08:09'),
	(101, 158, 162, 5, '2021-07-10 21:08:09', '2021-07-10 21:08:09'),
	(102, 158, 206, 2, '2021-07-10 21:08:10', '2021-07-10 21:08:10'),
	(103, 159, 162, 2, '2021-07-10 21:08:10', '2021-07-10 21:08:10'),
	(104, 159, 204, 5, '2021-07-10 21:08:10', '2021-07-10 21:08:10'),
	(105, 159, 206, 2, '2021-07-10 21:08:10', '2021-07-10 21:08:10'),
	(106, 160, 162, 3, '2021-07-10 21:08:10', '2021-07-10 21:08:10'),
	(107, 160, 179, 5, '2021-07-10 21:08:10', '2021-07-10 21:08:10'),
	(108, 161, 169, 3, '2021-07-10 21:08:10', '2021-07-10 21:08:10'),
	(109, 162, 202, 2, '2021-07-10 21:08:10', '2021-07-10 21:08:10'),
	(110, 162, 200, 1, '2021-07-10 21:08:10', '2021-07-10 21:08:10'),
	(111, 163, 167, 5, '2021-07-10 21:08:10', '2021-07-10 21:08:10'),
	(112, 163, 166, 1, '2021-07-10 21:08:10', '2021-07-10 21:08:10'),
	(113, 163, 186, 4, '2021-07-10 21:08:10', '2021-07-10 21:08:10'),
	(114, 164, 154, 2, '2021-07-10 21:08:10', '2021-07-10 21:08:10'),
	(115, 165, 162, 3, '2021-07-10 21:08:10', '2021-07-10 21:08:10'),
	(116, 165, 207, 2, '2021-07-10 21:08:10', '2021-07-10 21:08:10'),
	(117, 165, 201, 1, '2021-07-10 21:08:10', '2021-07-10 21:08:10'),
	(118, 165, 178, 2, '2021-07-10 21:08:10', '2021-07-10 21:08:10'),
	(119, 166, 154, 4, '2021-07-10 21:08:10', '2021-07-10 21:08:10'),
	(120, 166, 188, 4, '2021-07-10 21:08:10', '2021-07-10 21:08:10'),
	(121, 166, 181, 1, '2021-07-10 21:08:10', '2021-07-10 21:08:10'),
	(122, 166, 190, 2, '2021-07-10 21:08:10', '2021-07-10 21:08:10'),
	(123, 167, 188, 4, '2021-07-10 21:08:10', '2021-07-10 21:08:10'),
	(124, 167, 181, 3, '2021-07-10 21:08:10', '2021-07-10 21:08:10'),
	(125, 167, 166, 5, '2021-07-10 21:08:10', '2021-07-10 21:08:10'),
	(126, 168, 162, 2, '2021-07-10 21:08:10', '2021-07-10 21:08:10'),
	(127, 169, 188, 1, '2021-07-10 21:08:10', '2021-07-10 21:08:10'),
	(128, 170, 162, 5, '2021-07-10 21:08:10', '2021-07-10 21:08:10'),
	(129, 170, 173, 2, '2021-07-10 21:08:10', '2021-07-10 21:08:10'),
	(130, 171, 183, 1, '2021-07-10 21:08:10', '2021-07-10 21:08:10'),
	(131, 171, 162, 4, '2021-07-10 21:08:10', '2021-07-10 21:08:10'),
	(132, 171, 181, 1, '2021-07-10 21:08:10', '2021-07-10 21:08:10'),
	(133, 171, 188, 3, '2021-07-10 21:08:11', '2021-07-10 21:08:11'),
	(134, 171, 206, 5, '2021-07-10 21:08:11', '2021-07-10 21:08:11'),
	(135, 172, 162, 5, '2021-07-10 21:08:11', '2021-07-10 21:08:11'),
	(136, 173, 206, 2, '2021-07-10 21:08:11', '2021-07-10 21:08:11'),
	(137, 173, 172, 3, '2021-07-10 21:08:11', '2021-07-10 21:08:11'),
	(138, 174, 189, 1, '2021-07-10 21:08:11', '2021-07-10 21:08:11'),
	(139, 174, 203, 4, '2021-07-10 21:08:11', '2021-07-10 21:08:11'),
	(140, 175, 157, 2, '2021-07-10 21:08:11', '2021-07-10 21:08:11'),
	(141, 176, 200, 5, '2021-07-10 21:08:11', '2021-07-10 21:08:11'),
	(142, 176, 202, 5, '2021-07-10 21:08:11', '2021-07-10 21:08:11'),
	(143, 176, 203, 1, '2021-07-10 21:08:11', '2021-07-10 21:08:11'),
	(144, 176, 204, 2, '2021-07-10 21:08:11', '2021-07-10 21:08:11'),
	(145, 176, 206, 2, '2021-07-10 21:08:11', '2021-07-10 21:08:11'),
	(146, 177, 179, 5, '2021-07-10 21:08:11', '2021-07-10 21:08:11'),
	(147, 178, 175, 2, '2021-07-10 21:08:11', '2021-07-10 21:08:11'),
	(148, 178, 176, 3, '2021-07-10 21:08:11', '2021-07-10 21:08:11'),
	(149, 179, 206, 1, '2021-07-10 21:08:11', '2021-07-10 21:08:11'),
	(150, 179, 202, 1, '2021-07-10 21:08:11', '2021-07-10 21:08:11'),
	(151, 180, 162, 1, '2021-07-10 21:08:11', '2021-07-10 21:08:11'),
	(152, 180, 179, 2, '2021-07-10 21:08:11', '2021-07-10 21:08:11'),
	(153, 181, 162, 5, '2021-07-10 21:08:11', '2021-07-10 21:08:11'),
	(154, 181, 179, 1, '2021-07-10 21:08:11', '2021-07-10 21:08:11'),
	(155, 181, 206, 3, '2021-07-10 21:08:11', '2021-07-10 21:08:11'),
	(156, 182, 163, 3, '2021-07-10 21:08:11', '2021-07-10 21:08:11'),
	(157, 182, 160, 1, '2021-07-10 21:08:11', '2021-07-10 21:08:11'),
	(158, 183, 162, 4, '2021-07-10 21:08:11', '2021-07-10 21:08:11'),
	(159, 183, 206, 1, '2021-07-10 21:08:11', '2021-07-10 21:08:11'),
	(160, 184, 204, 3, '2021-07-10 21:08:11', '2021-07-10 21:08:11'),
	(161, 185, 204, 2, '2021-07-10 21:08:11', '2021-07-10 21:08:11'),
	(162, 185, 200, 1, '2021-07-10 21:08:12', '2021-07-10 21:08:12'),
	(163, 186, 165, 2, '2021-07-10 21:08:12', '2021-07-10 21:08:12'),
	(164, 186, 177, 3, '2021-07-10 21:08:12', '2021-07-10 21:08:12'),
	(165, 186, 180, 1, '2021-07-10 21:08:12', '2021-07-10 21:08:12'),
	(166, 187, 188, 2, '2021-07-10 21:08:12', '2021-07-10 21:08:12'),
	(167, 187, 204, 5, '2021-07-10 21:08:12', '2021-07-10 21:08:12'),
	(168, 188, 157, 4, '2021-07-10 21:08:12', '2021-07-10 21:08:12'),
	(169, 189, 168, 1, '2021-07-10 21:08:12', '2021-07-10 21:08:12'),
	(170, 190, 209, 3, '2021-07-10 21:08:12', '2021-07-10 21:08:12'),
	(171, 190, 201, 5, '2021-07-10 21:08:12', '2021-07-10 21:08:12'),
	(172, 191, 154, 4, '2021-07-10 21:08:12', '2021-07-10 21:08:12'),
	(173, 191, 190, 1, '2021-07-10 21:08:12', '2021-07-10 21:08:12'),
	(174, 192, 154, 1, '2021-07-10 21:08:12', '2021-07-10 21:08:12'),
	(175, 192, 164, 3, '2021-07-10 21:08:12', '2021-07-10 21:08:12'),
	(176, 192, 157, 3, '2021-07-10 21:08:12', '2021-07-10 21:08:12'),
	(177, 192, 188, 2, '2021-07-10 21:08:12', '2021-07-10 21:08:12'),
	(178, 193, 208, 5, '2021-07-10 21:08:12', '2021-07-10 21:08:12'),
	(179, 193, 206, 3, '2021-07-10 21:08:12', '2021-07-10 21:08:12'),
	(180, 194, 209, 2, '2021-07-10 21:08:12', '2021-07-10 21:08:12'),
	(181, 194, 206, 3, '2021-07-10 21:08:12', '2021-07-10 21:08:12'),
	(182, 195, 203, 3, '2021-07-10 21:08:12', '2021-07-10 21:08:12'),
	(183, 196, 155, 1, '2021-07-10 21:08:12', '2021-07-10 21:08:12'),
	(184, 197, 193, 2, '2021-07-10 21:08:12', '2021-07-10 21:08:12'),
	(185, 197, 156, 2, '2021-07-10 21:08:12', '2021-07-10 21:08:12'),
	(186, 197, 194, 1, '2021-07-10 21:08:12', '2021-07-10 21:08:12'),
	(187, 198, 210, 1, '2021-07-10 21:08:12', '2021-07-10 21:08:12'),
	(188, 198, 207, 3, '2021-07-10 21:08:12', '2021-07-10 21:08:12');
/*!40000 ALTER TABLE `dependencias` ENABLE KEYS */;

-- Volcando estructura para tabla resocentro.failed_jobs
CREATE TABLE IF NOT EXISTS `failed_jobs` (
  `id` bigint(20) unsigned NOT NULL AUTO_INCREMENT,
  `uuid` varchar(255) COLLATE utf8mb4_unicode_ci NOT NULL,
  `connection` text COLLATE utf8mb4_unicode_ci NOT NULL,
  `queue` text COLLATE utf8mb4_unicode_ci NOT NULL,
  `payload` longtext COLLATE utf8mb4_unicode_ci NOT NULL,
  `exception` longtext COLLATE utf8mb4_unicode_ci NOT NULL,
  `failed_at` timestamp NOT NULL DEFAULT CURRENT_TIMESTAMP,
  PRIMARY KEY (`id`),
  UNIQUE KEY `failed_jobs_uuid_unique` (`uuid`)
) ENGINE=InnoDB DEFAULT CHARSET=utf8mb4 COLLATE=utf8mb4_unicode_ci;

-- Volcando datos para la tabla resocentro.failed_jobs: ~0 rows (aproximadamente)
DELETE FROM `failed_jobs`;
/*!40000 ALTER TABLE `failed_jobs` DISABLE KEYS */;
/*!40000 ALTER TABLE `failed_jobs` ENABLE KEYS */;

-- Volcando estructura para tabla resocentro.impresoras
CREATE TABLE IF NOT EXISTS `impresoras` (
  `id` bigint(20) unsigned NOT NULL AUTO_INCREMENT,
  `busy_until` datetime DEFAULT NULL,
  `created_at` timestamp NULL DEFAULT NULL,
  `updated_at` timestamp NULL DEFAULT NULL,
  `item_id` bigint(20) unsigned DEFAULT NULL,
  PRIMARY KEY (`id`),
  KEY `impresoras_item_id_foreign` (`item_id`),
  CONSTRAINT `impresoras_item_id_foreign` FOREIGN KEY (`item_id`) REFERENCES `items` (`id`)
) ENGINE=InnoDB AUTO_INCREMENT=3 DEFAULT CHARSET=utf8mb4 COLLATE=utf8mb4_unicode_ci;

-- Volcando datos para la tabla resocentro.impresoras: ~0 rows (aproximadamente)
DELETE FROM `impresoras`;
/*!40000 ALTER TABLE `impresoras` DISABLE KEYS */;
INSERT INTO `impresoras` (`id`, `busy_until`, `created_at`, `updated_at`, `item_id`) VALUES
	(1, '2021-07-12 02:22:04', '2021-07-11 04:38:24', '2021-07-11 18:32:04', 169),
	(2, NULL, '2021-07-11 04:38:35', '2021-07-11 18:19:27', NULL);
/*!40000 ALTER TABLE `impresoras` ENABLE KEYS */;

-- Volcando estructura para tabla resocentro.items
CREATE TABLE IF NOT EXISTS `items` (
  `id` bigint(20) unsigned NOT NULL AUTO_INCREMENT,
  `uuid` varchar(35) COLLATE utf8mb4_unicode_ci NOT NULL,
  `nombre` varchar(70) COLLATE utf8mb4_unicode_ci NOT NULL,
  `tiempo_produccion` int(10) unsigned NOT NULL,
  `stock` int(10) unsigned NOT NULL,
  `insumo_base` tinyint(1) NOT NULL,
  `created_at` timestamp NULL DEFAULT NULL,
  `updated_at` timestamp NULL DEFAULT NULL,
  PRIMARY KEY (`id`),
  KEY `items_uuid_index` (`uuid`),
  KEY `items_nombre_index` (`nombre`)
) ENGINE=InnoDB AUTO_INCREMENT=211 DEFAULT CHARSET=utf8mb4 COLLATE=utf8mb4_unicode_ci;

-- Volcando datos para la tabla resocentro.items: ~0 rows (aproximadamente)
DELETE FROM `items`;
/*!40000 ALTER TABLE `items` DISABLE KEYS */;
INSERT INTO `items` (`id`, `uuid`, `nombre`, `tiempo_produccion`, `stock`, `insumo_base`, `created_at`, `updated_at`) VALUES
	(141, 'ol57so', 'Analgésico', 30, 0, 0, '2021-07-10 21:08:04', '2021-07-10 21:08:04'),
	(142, 'eUcxRp', 'Cola de fénix', 120, 0, 0, '2021-07-10 21:08:05', '2021-07-10 21:08:05'),
	(143, '8wrzNt', 'Frasco de Estus', 60, 0, 0, '2021-07-10 21:08:05', '2021-07-10 21:08:05'),
	(144, 'BlAdPZ', 'Frasco de Éter', 120, 0, 0, '2021-07-10 21:08:05', '2021-07-10 21:08:05'),
	(145, 'fTE5j3', 'Hierba Verde', 75, 0, 0, '2021-07-10 21:08:05', '2021-07-10 21:08:05'),
	(146, 'yXedRZ', 'Kit Primeros Auxilios', 80, 0, 0, '2021-07-10 21:08:05', '2021-07-10 21:08:05'),
	(147, '0Fdhiq', 'Manzana Dorada', 30, 0, 0, '2021-07-10 21:08:05', '2021-07-10 21:08:05'),
	(148, 'Y0AAKb', 'RadAway', 50, 0, 0, '2021-07-10 21:08:05', '2021-07-10 21:08:05'),
	(149, 'asQGPL', 'Spray Primeros Auxilios', 30, 0, 0, '2021-07-10 21:08:05', '2021-07-10 21:08:05'),
	(150, 'nRPWcC', 'Stimpak', 60, 0, 0, '2021-07-10 21:08:05', '2021-07-10 21:08:05'),
	(151, '8dE1Zl', 'Acido dietilentriamina pentaacético', 10, 6, 0, '2021-07-10 21:08:05', '2021-07-10 21:08:05'),
	(152, 'MjpBVS', 'Acidos Carboxílicos', 10, 0, 0, '2021-07-10 21:08:05', '2021-07-11 18:19:44'),
	(153, '33bXXs', 'Adrenalina', 20, 2, 0, '2021-07-10 21:08:05', '2021-07-10 21:08:05'),
	(154, 'i1ZlGu', 'Agua', 10, 9, 0, '2021-07-10 21:08:05', '2021-07-10 21:08:05'),
	(155, 'cB3Syh', 'Algodón', 40, 3, 0, '2021-07-10 21:08:05', '2021-07-10 21:08:05'),
	(156, 'GEXGgN', 'Aluminio Oxido', 10, 10, 0, '2021-07-10 21:08:05', '2021-07-10 21:08:05'),
	(157, 'ngWG74', 'Aminoácidos', 10, 0, 0, '2021-07-10 21:08:05', '2021-07-11 18:32:04'),
	(158, 'ucL1Eu', 'Anti Inflamatorio', 40, 5, 0, '2021-07-10 21:08:06', '2021-07-10 21:08:06'),
	(159, 'K1yR2f', 'Anti-Spetico', 40, 2, 0, '2021-07-10 21:08:06', '2021-07-10 21:08:06'),
	(160, 'kSQdyo', 'Azucar', 10, 5, 0, '2021-07-10 21:08:06', '2021-07-10 21:08:06'),
	(161, 'wriMVO', 'Capsula Gelatina', 20, 6, 0, '2021-07-10 21:08:06', '2021-07-10 21:08:06'),
	(162, '2lKU4j', 'Carbohidrato', 10, 0, 0, '2021-07-10 21:08:06', '2021-07-11 18:19:44'),
	(163, 'eoajqv', 'Celulas Plantas', 30, 9, 0, '2021-07-10 21:08:06', '2021-07-10 21:08:06'),
	(164, '2FkkgH', 'Células rojas', 30, 9, 0, '2021-07-10 21:08:06', '2021-07-10 21:08:06'),
	(165, '7Rc26N', 'Celulosa', 10, 3, 0, '2021-07-10 21:08:06', '2021-07-10 21:08:06'),
	(166, 'fgY4lg', 'Citoplasma', 30, 1, 0, '2021-07-10 21:08:06', '2021-07-10 21:08:06'),
	(167, 'PWc8XT', 'Cloroplasto', 30, 5, 0, '2021-07-10 21:08:06', '2021-07-10 21:08:06'),
	(168, 'zeF1ft', 'Cloruro de vinilo', 10, 4, 0, '2021-07-10 21:08:06', '2021-07-10 21:08:06'),
	(169, 'qW5Stw', 'Collageno', 10, 3, 0, '2021-07-10 21:08:06', '2021-07-11 18:32:04'),
	(170, 'bAgyr2', 'Dimetil éter', 5, 1, 0, '2021-07-10 21:08:06', '2021-07-10 21:08:06'),
	(171, 'hV5Zb1', 'Estus', 50, 1, 0, '2021-07-10 21:08:06', '2021-07-10 21:08:06'),
	(172, 'mEhjMZ', 'Etanol', 20, 8, 0, '2021-07-10 21:08:06', '2021-07-10 21:08:06'),
	(173, 'OPfyvR', 'Eter', 60, 10, 0, '2021-07-10 21:08:06', '2021-07-10 21:08:06'),
	(174, 'vt3fCu', 'Frasco Aresol', 50, 2, 0, '2021-07-10 21:08:06', '2021-07-10 21:08:06'),
	(175, '8E07qU', 'Globina', 10, 4, 0, '2021-07-10 21:08:06', '2021-07-10 21:08:06'),
	(176, 'hgPfOt', 'Heme', 10, 5, 0, '2021-07-10 21:08:06', '2021-07-10 21:08:06'),
	(177, 'sM2INo', 'Hemicelulosa', 10, 4, 0, '2021-07-10 21:08:06', '2021-07-10 21:08:06'),
	(178, 's3uaRY', 'Hemoglobina', 10, 4, 0, '2021-07-10 21:08:07', '2021-07-10 21:08:07'),
	(179, '7dqyYm', 'Hidroxido', 5, 0, 0, '2021-07-10 21:08:07', '2021-07-11 18:19:44'),
	(180, 'Y7Krsp', 'Lignina', 10, 9, 0, '2021-07-10 21:08:07', '2021-07-10 21:08:07'),
	(181, 'wGvJC2', 'Lipido', 10, 5, 0, '2021-07-10 21:08:07', '2021-07-10 21:08:07'),
	(182, '0LG2vm', 'Manzana', 30, 10, 0, '2021-07-10 21:08:07', '2021-07-10 21:08:07'),
	(183, 'oNWDGk', 'Naphtha', 50, 6, 0, '2021-07-10 21:08:07', '2021-07-10 21:08:07'),
	(184, 'GQGjnL', 'Nitrato', 5, 6, 0, '2021-07-10 21:08:07', '2021-07-10 21:08:07'),
	(185, 'Mnxcdd', 'Nitruro de carbono', 5, 3, 0, '2021-07-10 21:08:07', '2021-07-10 21:08:07'),
	(186, 'GsSTtP', 'Pared de Celula', 30, 9, 0, '2021-07-10 21:08:07', '2021-07-10 21:08:07'),
	(187, '7rIjqh', 'Pluma', 30, 7, 0, '2021-07-10 21:08:07', '2021-07-10 21:08:07'),
	(188, '3C6UpS', 'Proteina', 10, 2, 0, '2021-07-10 21:08:07', '2021-07-11 18:32:04'),
	(189, '1NF7ta', 'PVC', 30, 3, 0, '2021-07-10 21:08:07', '2021-07-10 21:08:07'),
	(190, 'XgfEuA', 'Sal', 2, 1, 0, '2021-07-10 21:08:07', '2021-07-10 21:08:07'),
	(191, '12wJdo', 'Salina', 2, 5, 0, '2021-07-10 21:08:07', '2021-07-10 21:08:07'),
	(192, 'O3DlnL', 'Sangre', 40, 4, 0, '2021-07-10 21:08:07', '2021-07-10 21:08:07'),
	(193, '2PwvI8', 'Silicona Oxido', 10, 7, 0, '2021-07-10 21:08:07', '2021-07-10 21:08:07'),
	(194, 'oOqnae', 'Sodio Oxido', 10, 7, 0, '2021-07-10 21:08:07', '2021-07-10 21:08:07'),
	(195, 'sdR1Ri', 'Tijeras', 30, 1, 0, '2021-07-10 21:08:07', '2021-07-10 21:08:07'),
	(196, '0jKvHr', 'Vendas', 30, 5, 0, '2021-07-10 21:08:07', '2021-07-10 21:08:07'),
	(197, 'vl0YHG', 'Vidrio', 30, 5, 0, '2021-07-10 21:08:07', '2021-07-10 21:08:07'),
	(198, 'dMjYsc', 'Yoduro de potasio', 10, 7, 0, '2021-07-10 21:08:07', '2021-07-10 21:08:07'),
	(199, 'Amfq5d', 'Aluminio', 1, 3, 1, '2021-07-10 21:08:07', '2021-07-10 21:08:07'),
	(200, 'IIhDjA', 'Carbono', 1, 1, 1, '2021-07-10 21:08:07', '2021-07-10 21:08:07'),
	(201, '8u4BEk', 'Cloro', 1, 8, 1, '2021-07-10 21:08:07', '2021-07-10 21:08:07'),
	(202, 'SjFwYj', 'Hidrogeno', 1, 9, 1, '2021-07-10 21:08:08', '2021-07-10 21:08:08'),
	(203, 'P8aX0f', 'Hierro', 3, 3, 1, '2021-07-10 21:08:08', '2021-07-10 21:08:08'),
	(204, 'Ae98W7', 'Nitrogeno', 1, 1, 1, '2021-07-10 21:08:08', '2021-07-10 21:08:08'),
	(205, 'b2IIhF', 'Oro', 3, 7, 1, '2021-07-10 21:08:08', '2021-07-10 21:08:08'),
	(206, '9yIVpU', 'Oxigeno', 1, 5, 1, '2021-07-10 21:08:08', '2021-07-10 21:08:08'),
	(207, 'w2CvOn', 'Potasio', 1, 10, 1, '2021-07-10 21:08:08', '2021-07-10 21:08:08'),
	(208, 'QJ0DZb', 'Slicona', 1, 2, 1, '2021-07-10 21:08:08', '2021-07-10 21:08:08'),
	(209, 'KVh3jV', 'Sodio', 1, 3, 1, '2021-07-10 21:08:08', '2021-07-10 21:08:08'),
	(210, 'BurHQM', 'Yodo', 1, 3, 1, '2021-07-10 21:08:08', '2021-07-10 21:08:08');
/*!40000 ALTER TABLE `items` ENABLE KEYS */;

-- Volcando estructura para tabla resocentro.migrations
CREATE TABLE IF NOT EXISTS `migrations` (
  `id` int(10) unsigned NOT NULL AUTO_INCREMENT,
  `migration` varchar(255) COLLATE utf8mb4_unicode_ci NOT NULL,
  `batch` int(11) NOT NULL,
  PRIMARY KEY (`id`)
) ENGINE=InnoDB AUTO_INCREMENT=8 DEFAULT CHARSET=utf8mb4 COLLATE=utf8mb4_unicode_ci;

-- Volcando datos para la tabla resocentro.migrations: ~7 rows (aproximadamente)
DELETE FROM `migrations`;
/*!40000 ALTER TABLE `migrations` DISABLE KEYS */;
INSERT INTO `migrations` (`id`, `migration`, `batch`) VALUES
	(1, '2014_10_12_000000_create_users_table', 1),
	(2, '2014_10_12_100000_create_password_resets_table', 1),
	(3, '2019_08_19_000000_create_failed_jobs_table', 1),
	(4, '2021_07_09_220003_create_impresoras_table', 1),
	(5, '2021_07_09_225251_create_items_table', 1),
	(6, '2021_07_09_230033_create_dependencias_table', 1),
	(7, '2021_07_09_231107_relationship_impresora_item', 1);
/*!40000 ALTER TABLE `migrations` ENABLE KEYS */;

-- Volcando estructura para tabla resocentro.password_resets
CREATE TABLE IF NOT EXISTS `password_resets` (
  `email` varchar(255) COLLATE utf8mb4_unicode_ci NOT NULL,
  `token` varchar(255) COLLATE utf8mb4_unicode_ci NOT NULL,
  `created_at` timestamp NULL DEFAULT NULL,
  KEY `password_resets_email_index` (`email`)
) ENGINE=InnoDB DEFAULT CHARSET=utf8mb4 COLLATE=utf8mb4_unicode_ci;

-- Volcando datos para la tabla resocentro.password_resets: ~0 rows (aproximadamente)
DELETE FROM `password_resets`;
/*!40000 ALTER TABLE `password_resets` DISABLE KEYS */;
/*!40000 ALTER TABLE `password_resets` ENABLE KEYS */;

-- Volcando estructura para tabla resocentro.users
CREATE TABLE IF NOT EXISTS `users` (
  `id` bigint(20) unsigned NOT NULL AUTO_INCREMENT,
  `name` varchar(255) COLLATE utf8mb4_unicode_ci NOT NULL,
  `email` varchar(255) COLLATE utf8mb4_unicode_ci NOT NULL,
  `email_verified_at` timestamp NULL DEFAULT NULL,
  `password` varchar(255) COLLATE utf8mb4_unicode_ci NOT NULL,
  `remember_token` varchar(100) COLLATE utf8mb4_unicode_ci DEFAULT NULL,
  `created_at` timestamp NULL DEFAULT NULL,
  `updated_at` timestamp NULL DEFAULT NULL,
  PRIMARY KEY (`id`),
  UNIQUE KEY `users_email_unique` (`email`)
) ENGINE=InnoDB DEFAULT CHARSET=utf8mb4 COLLATE=utf8mb4_unicode_ci;

-- Volcando datos para la tabla resocentro.users: ~0 rows (aproximadamente)
DELETE FROM `users`;
/*!40000 ALTER TABLE `users` DISABLE KEYS */;
/*!40000 ALTER TABLE `users` ENABLE KEYS */;

/*!40101 SET SQL_MODE=IFNULL(@OLD_SQL_MODE, '') */;
/*!40014 SET FOREIGN_KEY_CHECKS=IF(@OLD_FOREIGN_KEY_CHECKS IS NULL, 1, @OLD_FOREIGN_KEY_CHECKS) */;
/*!40101 SET CHARACTER_SET_CLIENT=@OLD_CHARACTER_SET_CLIENT */;
