{"info":{"_postman_id":"27e6cc80-0e4a-72f4-6c39-a2c8ed792af8","name":"Oauth2","schema":"https://schema.getpostman.com/json/collection/v2.1.0/collection.json"},"item":[{"name":"datosgenerales","id":"04bfc7dc-01a0-b744-65a9-3556ff3a6ced","request":{"method":"GET","header":[{"key":"Authorization","value":"Bearer MzQ3MTM4NGE2ZjA1MDQyMDE1MzM0OGJiMjgzYjZkNDllZDdlZjY3OTg0MGVlMTQ1MGY5MzRlZGQ0MTczOWJhZA"}],"body":{"mode":"formdata","formdata":[]},"url":{"raw":"http://localhost/trabajos/oei/oeioauth2/web/app_dev.php/api/datosgenerales","protocol":"http","host":["localhost"],"path":["trabajos","oei","oeioauth2","web","app_dev.php","api","datosgenerales"]}},"response":[]},{"name":"setextra","id":"4b7b880e-678d-5d6e-d793-7f15427446f5","request":{"method":"POST","header":[{"key":"Authorization","value":"Bearer MzQ3MTM4NGE2ZjA1MDQyMDE1MzM0OGJiMjgzYjZkNDllZDdlZjY3OTg0MGVlMTQ1MGY5MzRlZGQ0MTczOWJhZA"},{"key":"Content-Type","value":"application/x-www-form-urlencoded"}],"body":{"mode":"urlencoded","urlencoded":[{"key":"extra","value":"{\"nivel\":2,\"descripcion\":\"Pronunciación\"}","type":"text"}]},"url":{"raw":"http://localhost/trabajos/oei/oeioauth2/web/app_dev.php/api/setextra","protocol":"http","host":["localhost"],"path":["trabajos","oei","oeioauth2","web","app_dev.php","api","setextra"]}},"response":[]},{"name":"getextra","id":"673c2871-0f88-220f-4eb1-f4c9c65bf4a5","request":{"method":"GET","header":[{"key":"Authorization","value":"Bearer MzQ3MTM4NGE2ZjA1MDQyMDE1MzM0OGJiMjgzYjZkNDllZDdlZjY3OTg0MGVlMTQ1MGY5MzRlZGQ0MTczOWJhZA"}],"body":{"mode":"urlencoded","urlencoded":[{"key":"extra","value":"{\"nivel\":2,\"descripcion\":\"Pronunciación\"}","type":"text"}]},"url":{"raw":"http://localhost/trabajos/oei/oeioauth2/web/app_dev.php/api/getextra","protocol":"http","host":["localhost"],"path":["trabajos","oei","oeioauth2","web","app_dev.php","api","getextra"]}},"response":[]}]}