{"info":{"_postman_id":"461276f3-16b6-4d5d-96e3-f602e267eeb6","name":"Modulo Persona","schema":"https://schema.getpostman.com/json/collection/v2.1.0/collection.json"},"item":[{"name":"Registrar current position de persona","id":"8151cbd7-e89b-411d-b37f-25fc4df701d0","request":{"method":"POST","header":[{"key":"Content-Type","value":"application/json"}],"body":{"mode":"raw","raw":"{\"id\":1,\"latitude\":\"70.237663\",\"longitude\":\"32.2983876\",\"firma\":\"abcdef8738278fdeac\"}"},"url":{"raw":"http://localhost/saferpeople/web/app_dev.php/mapacentral/api/putcurrentposition","protocol":"http","host":["localhost"],"path":["saferpeople","web","app_dev.php","mapacentral","api","putcurrentposition"]}},"response":[]}]}