{"info":{"_postman_id":"46333cd5-fa3b-c9df-d600-03b2a902d332","name":"B2Bolivia","description":"App para la cancilleria\n","schema":"https://schema.getpostman.com/json/collection/v2.1.0/collection.json"},"item":[{"name":"getcontactinfo","id":"8f2ca89a-1539-471a-ec57-379c702c5e87","request":{"method":"POST","header":[{"key":"Authorization","value":"Bearer MzQ3MTM4NGE2ZjA1MDQyMDE1MzM0OGJiMjgzYjZkNDllZDdlZjY3OTg0MGVlMTQ1MGY5MzRlZGQ0MTczOWJhZA"},{"key":"Content-Type","value":"application/x-www-form-urlencoded"}],"body":{"mode":"urlencoded","urlencoded":[{"key":"authorization","value":"eyJ0eXAiOiJKV1QiLCJhbGciOiJIUzI1NiJ9.eyJzdWIiOjE4LCJub21icmUiOiJDaHJpc3RpYW4gR29tZXoiLCJlbWFpbCI6ImNvbnRhY3RvQHR1eG5pci5jb20iLCJpYXQiOjE1MjIxMjI2NzcsImV4cCI6MTUyMjcyNzQ3N30.eJsVFoi6z7ivH58sqgaiB8N0d7AyoYaRiOeeR5gKIec","type":"text"},{"key":"idEmpresa","value":"11","type":"text"}]},"url":{"raw":"http://localhost/vceicontactosexportadores/web/app_dev.php/api/getcontactinfo","protocol":"http","host":["localhost"],"path":["vceicontactosexportadores","web","app_dev.php","api","getcontactinfo"]},"description":"La info de contacto de una empresa dada"},"response":[]},{"name":"getmatchedcompanies","id":"2b05bd29-bb72-04df-19fc-ee2f076b4b95","request":{"method":"POST","header":[{"key":"Authorization","value":"Bearer MzQ3MTM4NGE2ZjA1MDQyMDE1MzM0OGJiMjgzYjZkNDllZDdlZjY3OTg0MGVlMTQ1MGY5MzRlZGQ0MTczOWJhZA"},{"key":"Content-Type","value":"application/x-www-form-urlencoded"}],"body":{"mode":"urlencoded","urlencoded":[{"key":"authorization","value":"eyJ0eXAiOiJKV1QiLCJhbGciOiJIUzI1NiJ9.eyJzdWIiOjE4LCJub21icmUiOiJDaHJpc3RpYW4gR29tZXoiLCJlbWFpbCI6ImNvbnRhY3RvQHR1eG5pci5jb20iLCJpYXQiOjE1MjIxMjI2NzcsImV4cCI6MTUyMjcyNzQ3N30.eJsVFoi6z7ivH58sqgaiB8N0d7AyoYaRiOeeR5gKIec","type":"text"}]},"url":{"raw":"http://localhost/vceicontactosexportadores/web/app_dev.php/api/getmatchedcompanies","protocol":"http","host":["localhost"],"path":["vceicontactosexportadores","web","app_dev.php","api","getmatchedcompanies"]},"description":"Las empresas que fueron matcheadas"},"response":[]},{"name":"getperfil","id":"3a22b7c3-89a3-00d8-118a-3faac78d49c6","request":{"method":"POST","header":[{"key":"Authorization","value":"Bearer MzQ3MTM4NGE2ZjA1MDQyMDE1MzM0OGJiMjgzYjZkNDllZDdlZjY3OTg0MGVlMTQ1MGY5MzRlZGQ0MTczOWJhZA"},{"key":"Content-Type","value":"application/x-www-form-urlencoded"}],"body":{"mode":"urlencoded","urlencoded":[{"key":"authorization","value":"eyJ0eXAiOiJKV1QiLCJhbGciOiJIUzI1NiJ9.eyJzdWIiOjE4LCJub21icmUiOiJDaHJpc3RpYW4gR29tZXoiLCJlbWFpbCI6ImNvbnRhY3RvQHR1eG5pci5jb20iLCJpYXQiOjE1MjcxOTI3OTAsImV4cCI6MTUyNzc5NzU5MH0.HG6LceTD8LJfjMaZyws3hkEulXIjO_sFLIPnBZZb_Zg","type":"text"}]},"url":{"raw":"http://localhost/vceicontactosexportadores/web/app_dev.php/api/getperfil","protocol":"http","host":["localhost"],"path":["vceicontactosexportadores","web","app_dev.php","api","getperfil"]},"description":"Las empresas que fueron matcheadas"},"response":[]},{"name":"getmatchedcompanies en produccion","id":"4c122990-102a-9afc-9288-77b23238fea8","request":{"method":"POST","header":[{"key":"Authorization","value":"Bearer MzQ3MTM4NGE2ZjA1MDQyMDE1MzM0OGJiMjgzYjZkNDllZDdlZjY3OTg0MGVlMTQ1MGY5MzRlZGQ0MTczOWJhZA"},{"key":"Content-Type","value":"application/x-www-form-urlencoded"}],"body":{"mode":"urlencoded","urlencoded":[{"key":"authorization","value":"eyJ0eXAiOiJKV1QiLCJhbGciOiJIUzI1NiJ9.eyJzdWIiOjE4LCJub21icmUiOiJDaHJpc3RpYW4gR29tZXoiLCJlbWFpbCI6ImNvbnRhY3RvQHR1eG5pci5jb20iLCJpYXQiOjE1MjIxMjI2NzcsImV4cCI6MTUyMjcyNzQ3N30.eJsVFoi6z7ivH58sqgaiB8N0d7AyoYaRiOeeR5gKIec","type":"text"}]},"url":{"raw":"http://localhost/vceicontactosexportadores/web/app_dev.php/api/getmatchedcompanies","protocol":"http","host":["localhost"],"path":["vceicontactosexportadores","web","app_dev.php","api","getmatchedcompanies"]},"description":"Las empresas que fueron matcheadas"},"response":[]},{"name":"getcountries","id":"570ee918-436c-d207-befd-861dad950a7e","request":{"method":"GET","header":[],"body":{"mode":"formdata","formdata":[]},"url":{"raw":"http://localhost/vceicontactosexportadores/web/app_dev.php/api/getcountries","protocol":"http","host":["localhost"],"path":["vceicontactosexportadores","web","app_dev.php","api","getcountries"]},"description":"\t"},"response":[]}]}