{"info":{"_postman_id":"6c902d0e-4f02-42e7-be43-6e48700c3eae","name":"Items","schema":"https://schema.getpostman.com/json/collection/v2.1.0/collection.json"},"item":[{"name":"Bulk load items","id":"e45fc354-6ee7-478e-b853-7847ce5ae867","protocolProfileBehavior":{"disableBodyPruning":true},"request":{"method":"POST","header":[],"body":{"mode":"formdata","formdata":[{"key":"archivo","type":"file","src":"/C:/laragon/www/reto-resocentro/psd/3D Printer Datatable.csv"}]},"url":{"raw":"http://reto-resocentro.test/api/items/bulkload","protocol":"http","host":["reto-resocentro","test"],"path":["api","items","bulkload"]}},"response":[]},{"name":"List items","id":"9a4240ab-71ec-4710-a31c-45a9f918671b","protocolProfileBehavior":{"disableBodyPruning":true},"request":{"method":"GET","header":[],"url":{"raw":"http://reto-resocentro.test/api/items","protocol":"http","host":["reto-resocentro","test"],"path":["api","items"]},"description":"Show an item"},"response":[]},{"name":"Get an item","id":"da2df86f-d4c8-46bc-afd1-00126567b722","protocolProfileBehavior":{"disableBodyPruning":true},"request":{"method":"GET","header":[],"url":{"raw":"http://reto-resocentro.test/api/items/169","protocol":"http","host":["reto-resocentro","test"],"path":["api","items","169"]},"description":"Show an item"},"response":[]},{"name":"Get time production of an item","id":"3c31efe1-e883-462d-9076-665cfd13870b","protocolProfileBehavior":{"disableBodyPruning":true},"request":{"method":"GET","header":[],"url":{"raw":"http://reto-resocentro.test/api/items/169/calculateTimeProduction","protocol":"http","host":["reto-resocentro","test"],"path":["api","items","169","calculateTimeProduction"]},"description":"Show an item"},"response":[]},{"name":"Execute production of an item","id":"fa5d4aa4-1748-4c9e-852c-61c06d917152","protocolProfileBehavior":{"disableBodyPruning":true},"request":{"method":"GET","header":[],"url":{"raw":"http://reto-resocentro.test/api/items/169/calculateTimeProduction","protocol":"http","host":["reto-resocentro","test"],"path":["api","items","169","calculateTimeProduction"]},"description":"Show an item"},"response":[]}]}