{"info":{"_postman_id":"8660a06a-7fc3-4aaf-8bc0-838f2cf77d92","name":"Impresoras","schema":"https://schema.getpostman.com/json/collection/v2.1.0/collection.json"},"item":[{"name":"List printers","id":"dc552fbc-60b9-47f3-bd2c-715e982bc344","protocolProfileBehavior":{"disableBodyPruning":true},"request":{"method":"GET","header":[],"url":{"raw":"http://reto-resocentro.test/api/impresoras","protocol":"http","host":["reto-resocentro","test"],"path":["api","impresoras"]}},"response":[]},{"name":"Get a printer","id":"606b12e4-048f-4c78-b736-9f1802979a85","protocolProfileBehavior":{"disableBodyPruning":true},"request":{"method":"GET","header":[],"url":{"raw":"http://reto-resocentro.test/api/impresoras/1","protocol":"http","host":["reto-resocentro","test"],"path":["api","impresoras","1"]}},"response":[]},{"name":"Force finish job","id":"a75eeaf6-d811-47dc-b4d9-9c2f0c201110","protocolProfileBehavior":{"disableBodyPruning":true},"request":{"method":"POST","header":[],"url":{"raw":"http://reto-resocentro.test/api/impresoras/1/terminarProduccion","protocol":"http","host":["reto-resocentro","test"],"path":["api","impresoras","1","terminarProduccion"]}},"response":[]}]}