{"info":{"_postman_id":"a05ce2a0-44b6-83d8-dff0-65419de5a2a9","name":"PuntoDeVenta","schema":"https://schema.getpostman.com/json/collection/v2.1.0/collection.json"},"item":[{"name":"Login","id":"cb5956f9-ae69-c3c3-2be1-b43aacfb539f","request":{"method":"POST","header":[{"key":"Content-Type","value":"application/x-www-form-urlencoded"}],"body":{"mode":"urlencoded","urlencoded":[{"key":"username","value":"admin","type":"text"},{"key":"password","value":"fdsae","type":"text"},{"key":"gettoken","value":"false","type":"text"}]},"url":{"raw":"http://localhost/puntodeventa/backend/public/security/login","protocol":"http","host":["localhost"],"path":["puntodeventa","backend","public","security","login"]},"description":"Para loguearse al sistema"},"response":[]},{"name":"postproducto","id":"36e516ae-c7d9-aa22-4377-135d0855a77a","request":{"method":"POST","header":[{"key":"Content-Type","value":"application/x-www-form-urlencoded"}],"body":{"mode":"urlencoded","urlencoded":[{"key":"token","value":"eyJ0eXAiOiJKV1QiLCJhbGciOiJIUzI1NiJ9.eyJzdWIiOjEsIm5vbWJyZSI6IiIsImVtYWlsIjoiYWRtaW5AYWRtaW4uY29tIiwiaWF0IjoxNTMxMjU3NTQ4LCJleHAiOjE1MzE4NjIzNDh9.Q2ZpaZ3ZBw83QFZYEDtASl6Meu0h8hEXQCIfkEOGy64","type":"text"},{"key":"password","value":"fdsae","type":"text","disabled":true},{"key":"gettoken","value":"false","type":"text","disabled":true}]},"url":{"raw":"http://localhost/puntodeventa/backend/public/producto/post","protocol":"http","host":["localhost"],"path":["puntodeventa","backend","public","producto","post"]},"description":"\t"},"response":[]},{"name":"productos","id":"aed64a2e-5ad3-0fc5-0511-d8ac2c856369","request":{"method":"POST","header":[{"key":"Content-Type","value":"application/x-www-form-urlencoded"}],"body":{"mode":"urlencoded","urlencoded":[{"key":"token","value":"eyJ0eXAiOiJKV1QiLCJhbGciOiJIUzI1NiJ9.eyJzdWIiOjEsIm5vbWJyZSI6IiIsImVtYWlsIjoiYWRtaW5AYWRtaW4uY29tIiwiaWF0IjoxNTMxMjU3NTQ4LCJleHAiOjE1MzE4NjIzNDh9.Q2ZpaZ3ZBw83QFZYEDtASl6Meu0h8hEXQCIfkEOGy64","type":"text"},{"key":"password","value":"fdsae","type":"text","disabled":true},{"key":"gettoken","value":"false","type":"text","disabled":true}]},"url":{"raw":"http://localhost/puntodeventa/backend/public/producto/index","protocol":"http","host":["localhost"],"path":["puntodeventa","backend","public","producto","index"]},"description":"\t"},"response":[]}]}