{"info":{"_postman_id":"a22c4f3f-0ac8-19c1-c851-7e2fc7e85b27","name":"Sicoapp","schema":"https://schema.getpostman.com/json/collection/v2.1.0/collection.json"},"item":[{"name":"login","id":"e8ff90d9-af41-3cbe-fdf4-3b691a21c2c5","request":{"method":"POST","header":[],"body":{"mode":"raw","raw":"{\"type\":\"email\",\"username\":\"admin\",\"password\":\"Wendy2011\"}"},"url":{"raw":"http://www.sicoes.info/apps/asicoes/KCFmo627N3/login","protocol":"http","host":["www","sicoes","info"],"path":["apps","asicoes","KCFmo627N3","login"]}},"response":[]}]}