{"info":{"_postman_id":"d37bb0f2-4c88-425c-8918-c63d50fd0e87","name":"Minifac","description":"Para Minifac","schema":"https://schema.getpostman.com/json/collection/v2.1.0/collection.json"},"item":[{"name":"Registrar venta","id":"b367f3c1-1943-46bb-8ed8-a47b846c066b","protocolProfileBehavior":{"disableBodyPruning":true},"request":{"method":"POST","header":[{"key":"Content-Type","name":"Content-Type","value":"application/json","type":"text"}],"body":{"mode":"raw","raw":"{\"cliente\":{\"id\":3,\"nit\":\"12347\",\"nombre\":\"CHRISTIAN GOMEZ\"},\"cajaAsignada\":1,\"lines\":[{\"producto\":{\"id\":1,\"nombre\":\"Leche de 1 lt\",\"foto\":\"/uploads/images/4c1c20199fff575ed06d7a2e190175cd44149762.jpeg\",\"precio\":\"80.00\",\"barCode\":\"39289348938439\",\"unidad\":\"Unidades\"},\"cantidad\":1,\"cantidadStr\":\"\",\"descuento\":0,\"descuentoStr\":\"\",\"precio\":80,\"precioStr\":\"\",\"active\":false},{\"producto\":{\"id\":2,\"nombre\":\"Chicolac 100 ml\",\"foto\":\"/uploads/images/0b4ac8353a597fb5f3f01d775a6037971d7ebe02.jpeg\",\"precio\":\"1.20\",\"barCode\":\"8115654774161320\",\"unidad\":\"Unidades\"},\"cantidad\":1,\"cantidadStr\":\"\",\"descuento\":0,\"descuentoStr\":\"\",\"precio\":1.2,\"precioStr\":\"\",\"active\":true}],\"pagos\":[{\"deuda\":81.2,\"recibido\":100,\"recibidoStr\":\"100\",\"cambio\":18.799999999999997,\"metodo\":{\"id\":1,\"nombre\":\"Efectivo\"}}]}"},"url":{"raw":"http://usuario1.localhost:8000/app_dev.php/pos/api/registrarventa","protocol":"http","host":["usuario1","localhost"],"port":"8000","path":["app_dev.php","pos","api","registrarventa"]}},"response":[]}]}